{"Fid":"cfoJiC9HSnacUquH1TYynR","Status":3,"AuthToken":"eyJhbGciOiJFUzI1NiIsInR5cCI6IkpXVCJ9.eyJhcHBJZCI6IjE6MTAyMzEzMzcyODg5NDphbmRyb2lkOmI3OTc2MjlkZWZkZGFkNzgxOGQ4MmYiLCJleHAiOjE3NzExNzA2NzIsImZpZCI6ImNmb0ppQzlIU25hY1VxdUgxVFl5blIiLCJwcm9qZWN0TnVtYmVyIjoxMDIzMTMzNzI4ODk0fQ.AB2LPV8wRgIhAKdXEU0PBR5F4D4QVmBxe35_1-xvz540uLXXqg2a0-fKAiEA97SYBMJP4jKt5P-C6xErkPWk8zmQ7U-PmrgNXpGlE70","RefreshToken":"3_AS3qfwJ2R0te8jbfpZpXxraqqSpGx6_cjOxINhC9ShVjivy8raLeYQEO2pW-nQzZDchaLmqgYSljlZKEXZbG-t5SCZHk6ROmoiY8NNMBgQrPX7s","TokenCreationEpochInSecs":1770565873,"ExpiresInSecs":604800}