<?xml version='1.0' encoding='utf-8' standalone='yes' ?>
<map>
    <long name="first_open_time" value="1770565870904" />
    <string name="gmp_app_id">1:1023133728894:android:b797629defddad7818d82f</string>
    <string name="app_instance_id">b3b4e4ab94ac20a19fbd17fea282f169</string>
    <long name="session_id" value="1770565871" />
    <boolean name="app_backgrounded" value="true" />
    <long name="health_monitor:start" value="1770565871483" />
    <boolean name="use_service" value="true" />
    <boolean name="deferred_analytics_collection" value="false" />
    <string name="previous_os_version">15</string>
    <boolean name="has_been_opened" value="true" />
    <boolean name="allow_remote_dynamite" value="true" />
    <long name="last_pause_time" value="1770565896060" />
    <boolean name="start_new_session" value="false" />
</map>
